ngoId,fiscalYear,totalIncome,totalGrant,totalExpense,fulltimeEmployees,fulltimeVolunteers
95d3867f-d89a-30d6-adb8-e8d00c915575,,,,,3,23
0ed29fcc-10b0-32eb-9435-7a0c6acbe5c9,FY 2018-19,,,,29,0
c5e21c29-efc0-3076-b870-a68729af7292,,,,,,0
5d43bff4-cfc6-3df2-b2b6-2a6f98c21086,FY 2019-20,,,518 lakhs,18,5
a79ab6ac-26f0-3455-9a88-555ff0689b3e,,,,,6,14
c537a7cd-7019-3951-a8da-787ef715ec7c,,,,,10,145
52b2edfe-8801-3132-84ba-b9d1fc17ecf8,,,,,21,160
08ad0f95-2353-3535-a99d-9fd736e8a5fd,,,,,20,38
b6e64632-7820-3d38-9cfe-2f9fe6d4d837,,,,,21,43
ca1baff5-5d22-3f00-b16b-d99eeba7390c,,,,,38,0
f8ae0103-a287-3eb5-a946-3eb1d92ff2cf,,,,,75,15
4a845814-90f8-3f20-a638-a7abedd34939,,,,,65,0
13ca3f19-9bde-3657-ba15-9dc31643cd4e,,,,,4,24
4036ce16-8b03-3359-a9b9-7985e69c4584,,,,,14,32
72809c77-913c-3c6f-beed-8227f897df2f,,,,,74,0
bf495fa6-df0a-39c0-8ed2-16154d054ee1,,,,,210,145
a2675646-fdbc-3141-b9e3-e14ae73f8f05,,,,,35,10
a7cefeff-2b36-3083-8b97-fa22f2c19784,,,,,25,100
1e99c0bb-3590-3576-9a3e-560b25d961d0,FY 2017-18,,,18000000,15,7500
c031ca84-7a24-321e-a235-e2a185c27ec8,FY 2017-18,,,"4,21,671/-",5,10
00c0b648-1068-355a-b099-0c254416d08c,,,,,8,2
23f59303-9253-3dd9-93dc-10174d62d2ed,,,,,34,12
6f0ec99a-dda6-31d1-b78c-f2e1cbad7ad8,FY 2018-19,,,1970676.66,13,18
0bf83ba4-820e-3eac-a793-744892744dd6,,,,,155,
32b7c351-57d5-3e70-ab63-fa911278039d,,,,,3,8
f0b68ff5-669f-39ee-beb3-83f355c2526d,,,,,55,1675
ec82d66d-a49d-30ce-8b63-9eeba8919aea,,,,,12,2
745aade5-894f-3795-960a-30dffd6d17fc,,,,,13,4
b1192158-59d7-3716-8449-1b43528b02ac,,,,,10,26
617a2463-9a21-3b5d-b50f-13552a488960,,,,,243,
337bd4c1-f1ec-367d-a930-71cef0ffac1a,,,,,23,6
144c49c0-8115-3353-854c-72507e16d916,,,,,111,1
f046d822-f1a7-3ab7-93d3-a482f2d04e9e,,,,,100,10
122f6ee1-418b-3a6b-b05e-5f1462141ae1,,,,,98,20
2142d253-6500-3eb7-9d40-ace1e663ec5f,,,,,18,0
4a6ff8a5-160d-35cf-acae-fc4a25d174f9,,,,,45,
e75bea70-e593-3f58-8b54-3c3aa319e1ea,,,,,43,10
d13c9e3d-320d-3e7f-bc77-bfc3a667f93b,FY 2019-20,,,434274,3,2
fc239b5e-d848-3e27-9605-1a877af57621,FY 2018-19,,,549791.97,5,2
a3369891-7cd7-328c-a66a-d8d1c51104d6,,,,,10,65
68b083c5-ea93-3f42-a0e7-d4392116ce77,,,,,15,9
e4fa28eb-23e4-3ad1-9637-7cd5df33bbdf,,,,,27,7
eaa6b75b-8fe0-34d8-bf0e-3c8eba7ee4c2,,,,,90,40
0223688a-36bf-336a-adef-44a54ecdef2c,,,,,5,21
631db1bf-4148-329a-8919-d05664058e82,,,,,3,21
8dea4c5d-5109-3960-b953-82a3df92f7d6,,,,,21,7
7dc8e4ff-2b17-3122-a9c6-dadec0abc9af,,,,,36,8
7f0070d7-062e-31d8-8056-32d970cc6854,,,,,163,
5703e7a2-31dc-3899-a273-97d0771786f4,,,,,30,20
bad1eb00-4ec4-3153-a6cb-d88e2acba5d3,,,,,6,41
45eff0c8-519a-3cbc-8520-79e755e396b5,,,,,43,7
963dff38-7f65-3ca8-bea9-d675f599bd32,,,,,28,12
ccc7c184-c6f5-3fe2-83db-5615ed6c2d26,,,,,30,15
05023ce6-178b-346f-b673-7df1762aa84f,,,,,1300,200
8e80326d-b4d5-32dc-822b-54ce2f110b3b,,,,,150,
db2d3f28-742a-319c-8c0f-f44b149e6add,,,,,2,9
fef551b8-bad1-38c2-bcb5-6ae7a537783a,,,,,25,45
81d6aba5-9259-3373-aad4-77353665ec0e,,,,,7,125
73ddb929-00f9-3a1b-aa21-b0b85d992c80,FY 2018-19,,,8500000,27,18
6f66a341-d287-3f24-8f98-ba21b53b235f,,,,,7,11
76612cba-2176-358b-b14b-69cc4aaa7e85,,,,,38,150
fd451da8-af68-3784-9ad9-e5c996135d69,FY 2018-19,,,,12,56
db348b2b-a254-3690-a2fe-4084f6922b73,FY 2018-19,,,3000000,6,5
338113e3-5eda-3fdb-81f1-5f311de07c37,,,,,11,8
6d6448cc-b2ec-3558-8ec8-e27455323cbe,,,,,55,1
0ff3362c-30d7-3533-8568-de4d7520fefc,,,,,359,44
3b776c45-8d69-3f0e-8572-7f9ee7f938cc,,,,,148,0
24fceb63-7081-3d80-87c8-b175ae2b1d4b,,,,,131,0
b5511517-04e7-38a1-86c8-cfc05c9bbdf5,,,,,12,8
1b0f8542-9c40-3f0b-85ca-6d68e064b7ca,,,,,50,
d201b058-c713-3b9d-8a29-c1e88aaf6597,,,,,17,125
094cb75d-c06f-3c9a-ad33-8499ffb6456e,,,,,20,0
c9ddf172-64ca-3f9b-8d17-20fe95b139b1,,,,,5,24
0b651905-5df0-378b-aba5-cc2fb2a96bab,,,,,10,10
c40569e4-d7c7-37c4-a163-5bf06581dba2,,,,,7,30
af317b79-407a-3ccf-a80f-32f569371a36,,,,,30,2
8bc3fe74-5c2c-3e56-a426-b246661dd2e2,,,,,9,28
54120d76-9741-3c45-88cd-dd6a16a623c3,,,,,8,200
df872f47-9b91-30e8-9020-95b9cdb5cb43,,,,,70,1
4c937fc4-f797-35c0-af17-a36cbfbf4e52,FY 2018-19,,,9205922,,
a4a518a5-e5b1-3389-bd19-e1e34bf91061,FY 2019-20,,,38.53,3,3
8ab998a5-0c1e-3d99-a883-bae202c9f3e0,,,,,25,4
b26a7f92-1cdf-3b9e-8233-e12a341d8f00,,,,,6,0
a6ab285f-95c6-39ca-bc0e-4ef5f58285fc,,,,,40,0
6b94bff8-f2fb-3221-bc42-cd9d1a425ec9,,,,,82,7
22a4db41-e772-3128-9378-55ca1a5f9c0b,,,,,23,65
c0122374-2311-3522-b981-050544c18cbf,,,,,10,0
2d08efde-fe5f-3942-adfd-658f3962ac02,,,,,1,6
319afb61-c2d1-3701-b41c-08df4f1eead5,,,,,23,18
ea43b309-b5f7-3fb2-b3a8-830a9ac94b6c,,,,,25,17
58f3c8a1-12d2-3021-9a3c-fe3373ff6caa,FY 2017-18,,,,1,20
d53412cf-2479-33d5-9416-4382e7929e91,,,,,32,300
3d04d893-7710-3c8b-a659-503a1a0a3c09,FY 2018-19,,,52.98,30,3
23944a34-64d7-3bcd-ac40-c49339fa2ff8,,,,,7,15
d7a1297a-f5a7-3cf5-a80e-6ef869de47dc,,,,,39,1
63b6cc87-f43a-3104-ae79-71023f88fb8e,FY 2018-19,,,Rs. 452272.20/-,4,5
2c226093-7902-32bd-968c-92f1551ecc4f,,,,,47,52
6e8a27d4-b2e3-304e-959b-d9a813d2eb16,,,,,20,24
cb16d552-39dd-3007-81b8-197be4307ae1,,,,,29,20
b7c773e4-a97b-303c-9796-986b4eae2a86,,,,,87,54
25a529a3-7d9b-3695-89e0-7d8811ffdae6,,,,,195,0
5775ee7c-1011-3048-b664-d342e4ec6dd7,,,,,32,10
fc949974-6e61-3039-b7d8-b5402c4b303b,,,,,117,342
8fb1ac00-f0d9-32e5-bb45-360cba0dab07,,,,,63,0
1f934110-bb1e-35b4-9ab0-5534b46e3b56,,,,,69,7
46cc5789-3cb0-3b98-bba5-1bff63aea14a,,,,,100,0
2e2634e1-7023-37b1-aec8-59c031577192,,,,,2000,10000
d8fcd2e3-87cd-320c-959c-4d08ef1f6f6a,FY 2019-20,,,seventy Lakh,13,1
258c3edf-1dcc-34a0-816c-867f23e0f653,,,,,9,49
12b7b594-2343-3c5f-a2d5-2d63bae5da41,,,,,12,120
622017d9-c79c-31a8-bd31-c86de44980d3,,,,,1140,
c6f7ccc7-06c2-39b1-be42-47c20f0b44b8,FY 2018-19,,,4569409,15,12
1b1a13f4-5508-3428-a5d3-d5fd893d2861,,,,,646,
a6b4efd8-22ec-32eb-a75d-3360fcc1c2dc,,,,,8,4
b90e5166-0cf7-395f-b57b-0d9363e869c4,,,,,1100,
b8b5711e-4fd3-3e22-b140-96ee41cdb07f,,,,,6,1
4d052144-7b6b-307f-8165-a011433e6cd3,,,,,53,1
4f902174-736f-3d76-9073-f678297dcae3,FY 2018-19,,,,10,28
31bc9e85-fb68-33cd-b034-65bb6b095701,,,,,55,15
f83c2a40-ed06-3708-84a1-3a5bd205f420,,,,,330,
72d1c400-b147-345b-bb4d-21a047f8b2a3,,,,,193,80
ef932a54-7a55-371a-b169-bd0ca1209aa3,,,,,4,34
ef0c1a4b-15d2-389c-9307-92ac421ae32f,,,,,7,5
32c7ef2d-6f59-351b-b0f2-7935bf03502b,,,,,11,0
29a6f541-f28c-35b3-906f-6e9bc24e5dfa,,,,,23,
da3a2c06-7cc5-39a9-8de7-fc535f14462d,,,,,46,15
9434ed9b-d877-36af-b6d9-881cfadb7147,,,,,23,20
a3e40e10-9be0-3981-b9a0-c3896e0ec32a,FY 2018-19,,,84.86,7,3
8346c3f5-a0eb-3b95-81a9-d10375755025,FY 2018-19,,,464958,30,
af59e252-2d2a-39c1-9f8c-8be47661ac1d,,,,,6,56
f4ec3361-522c-3e97-8e6b-ed3ac2a5943b,,,,,24,
e65791a0-052b-3d67-80fd-be8a54f18f26,,,,,230,30
fab982db-b305-35c8-aeda-9e0fd2a3ea94,,,,,0,13
71466870-0625-337b-b43e-c1c85f33a6d6,,,,,15,95
721205a8-0e8e-3f6d-ab6b-81da43964399,,,,,15,7
08ae762c-aa0c-32b9-b3e5-2b6998b1d572,,,,,334,
66f200ab-b76f-396b-8359-683443e93aa7,,,,,9,21
5ef27ea2-1c18-3b94-b02a-8c7dc01ba2d6,,,,,16,15
3ca230f6-dba7-336c-b8a8-44030cd12d9a,,,,,55,43
f4d50599-7601-30ca-b6c1-f2088cc374e6,,,,,95,2
658b117c-cbbf-3e35-95bd-d3dae79bca96,FY 2018-19,,,44272000,192,14
53202631-bb56-3a84-a25e-c5df02dc8b79,,,,,96,225
a7de127b-21ad-372c-a6e3-7c257c337946,FY 2018-19,,,,100,50
a46b07b3-0ad4-309b-b383-fe2adb9ba4f8,,,,,35,84
64c1a71b-c7da-301f-a374-81cb3cd64ee3,,,,,82,115
88a7a872-5bd9-34ea-a230-cd6ab2030bf2,,,,,24,40
f348bf29-b9a3-3452-ac63-603548f0dc85,,,,,180,
397f7ca6-d580-39e4-8231-c06b6316bc85,,,,,9,6
024f5d31-c61e-3cab-9b00-88dc7f6af6d6,,,,,5,27
69dc01da-163d-3de7-af01-268616d45bd5,,,,,7,
bc9d8734-94f8-3619-bd36-28f5a9d3fd31,FY 2018-19,,,2574229,20,0
71997585-af3b-34c3-8969-33d196293791,FY 2018-19,,,8,8,4
188e64fc-27a6-3a22-8316-0cfbf15b8191,,,,,13,25
75986570-da93-3fee-a74a-46a51dad2be4,FY 2018-19,,,5000000,17,4
6b7ed8a5-726a-3b2d-b5e0-b46a1cf0205f,,,,,8,22
9e45ed89-16c4-33fe-b55c-a202d07dfd79,,,,,8,0
0b95039e-2825-3080-98a8-90aa093b3dc6,,,,,40,1
1a931f81-ad8f-367b-8337-cb9077bf7fc0,FY 2018-19,,,One Crore Thirty Three Lakhs,16,
b41ab9b0-cf27-37af-be1d-09e53379a56d,,,,,18,25
e924105d-cb8a-3b2b-bddd-4754196a4f57,,,,,14,35
c56a3d4d-fe0d-34fe-84f0-166b07f60300,FY 2019-20,,,4025652.8,15,20
7dbe8763-e81b-3c80-a053-790950348d0e,,,,,60,1000
0f39d9bb-cb52-3ccd-a87c-d0d44221cb5d,,,,,47,20
5428d241-f73f-3c8e-8bc8-408ddaf226be,,,,,21,18
2accf0fe-5695-3781-aac4-23ba84d50e4c,,,,,60,2
42de6fa5-7829-3d34-9acc-7e721be880aa,,,,,66,60
e2b19968-1d4f-3ded-bbfc-df0dca804a91,,,,,54,15
d0330165-8bd1-3e8b-b7bf-41c3be7e21ff,,,,,32,8
7026879a-b491-3645-83d7-14aa82799ccf,,,,,86,
42341e75-e051-35d5-8314-af996cb47102,,,,,62,1100
5eaa9d7d-6f68-39ac-9006-8aec05d8f655,FY 2018-19,,,6022233,41,359
6393f317-6cee-35f2-a673-65f20fa6d87b,,,,,4,1
474d829c-1f54-3e4f-ab27-87fe97297259,,,,,94,18
84308ee7-d00d-3309-90f6-fb9db233fdb5,FY 2017-18,,,132472.8,0,5
0f92bcd8-37bb-31fc-a956-1dbad8106d86,,,,,10,20
de4bddeb-6be6-36bb-b144-edcb5dc636b1,FY 2019-20,,,4472700,8,35
49f14b86-a248-3eab-b0ae-42e0cdd1fbd7,,,,,36,0
3cf23bff-1f42-3bfc-a115-f09106e7cafc,,,,,21,30
608dd4b0-a0b1-3617-a9a7-fba44f9b41ab,,,,,3,115
7398d847-02c7-3e21-b6ac-c653cec4b752,,,,,6,4
af3c4b1c-b165-3bdf-acc0-6961e8e7c0bc,,,,,19,0
da804ffd-d180-39b3-be97-f895969b2222,,,,,479,0
a5d0c6e7-8523-31bb-8f93-a583fe32e9a9,,,,,34,18
a757b51c-1069-38b5-b7fb-22446f9beb67,FY 2018-19,,,2624633,22,100
8e1ff3be-9c91-36ec-a97e-bee3b3760d23,FY 2018-19,,,2675904,27,2
9d4cb2a5-facc-34b1-83de-2e2af1592080,FY 2018-19,,,2959117,11,2
4973064c-a3ec-3fa5-b874-4b1d75133f7e,FY 2017-18,,,4300000,100,50
134ec8ce-c2e7-3ae8-a870-d5a9704ffe0c,FY 2017-18,,,74356470.91,261,0
d2ef372a-dea7-3f43-a30b-87e842df0355,FY 2018-19,,,383.65,35,6
84e3f058-c215-3e50-bf1b-f8a6d5ff9c62,,,,,67,34
a6375c24-d6c4-32dd-b8c6-52602554ef6d,,,,,1,12
755beb74-0f78-3adf-91e3-89bccf78e745,,,,,2,21
609013b8-4711-309b-bae0-89670743c303,,,,,13,10
4a1012fc-dad1-334d-bc80-85f4765752cc,,,,,11,30
41510fcf-0239-31cf-b3d0-0e2d0081a39c,,,,,11,33
4bec5aab-08cd-3562-9faa-ba61477f192c,,,,,114,
5c78c5f8-575c-37f7-8881-c6aab08912e4,,,,,20,35
4a0c4281-5596-3948-8140-d26847aadc45,,,,,14,39
3a235c4b-e58b-3786-9074-5a2205b536bc,,,,,24,110
91b79ee3-84c2-321c-aa37-eb12c3dad454,,,,,6,5
62f87f4b-20c8-30ac-8454-50aa637d32c3,,,,,25,3
8a19ab0e-dac8-35ed-a80a-e6768e37d30b,,,,,22,
2f60f9e2-6971-3aa7-84ee-77782edb5734,,,,,127,2
2be72a8d-a255-34d4-a881-3cdf40819867,FY 2018-19,,,600000,5,1
a1a5cc5d-c856-39be-a25a-819181a2b1d8,,,,,22,105
ac95193d-f54b-3319-8e33-84ef56825b3f,FY 2018-19,,,150 LACS,9,10
53013d58-c2f6-3a38-a9b1-d92a4bcc0bb9,,,,,98,
22770637-f907-3904-8d16-4c4fe900c874,,,,,210,4
1c6aac7a-0474-31ad-b86b-3d27b68441d8,,,,,19,
dd633b30-292a-3bd0-bfb6-e33abdd2c8a5,,,,,100,8
54f6fa12-a113-32e0-b59a-ed2b8015d945,,,,,30,250
1da66246-91f3-3da1-9e1f-ed7104195eda,,,,,15,12
a49d9b7a-c239-30ae-9087-baa602b13faa,,,,,11,17
9f4ceae5-043f-3ce7-9cd4-629120a681a3,,,,,94,1329
a269c953-9a5e-3bb3-a427-c6b1cb746d0a,,,,,12,50
500bafda-229d-30cc-b446-bb0487e514a7,,,,,39,5
e8602e7e-fed9-30bd-ab60-e63b1068cbc1,,,,,82,2
c90eb3a2-c773-3da5-ac04-90978f6c3b25,,,,,6,896
a9eec7a6-12b2-307a-8860-998fd0f68ae2,FY 2018-19,,,11.79,5,70
aef9d4de-9561-3199-b85f-aa2f19437d72,,,,,28,7
e01e18b2-dd19-3fb6-b9ab-d920022a4451,,,,,5,12
5ccb157e-b91c-3bf5-83ba-0ab1f8001df5,FY 2017-18,,,13052392.84,14,5
dada29cc-06a7-3df9-9d25-50ee83d3b746,,,,,65,
983d18de-5bb5-3bae-bd8f-78328ece5cc4,,,,,,5
ea082b27-f3b2-3d92-b937-cdcdd9d5ee0c,,,,,5,7
6b611f7b-36ed-30f6-8e32-3167e8e4e9a9,,,,,39,2
0596b486-492d-35b4-8db1-308543cf2970,,,,,2,5
46a71098-6b23-3a60-8e82-cb090cf3e795,,,,,125,0
823768f1-6b77-30ab-a43c-bd0c40d22923,,,,,30,
74298ba8-df5d-31e2-83df-1ae4e63c6898,FY 2017-18,,,,2,5
27169f92-44ab-36a1-bd71-e394f5ffb61b,,,,,19,30
16c2a19b-d1f7-3913-a187-2c93a9fbf6cd,,,,,33,
3ded02ff-9ee4-37ad-8372-09dc9115ae4c,,,,,52,0
5fa31fb2-2a57-3c06-b2da-1911ba6c78cf,,,,,5,150
22c03c39-75e9-3678-873d-4f9c74eda1c6,,,,,36,58
5aa80a94-23f9-3fdd-ad61-0e1b09e6153e,,,,,1,5
88442d7c-355d-3f3d-9dcf-faaf9c8f6c1a,,,,,9,2
39b6f327-3f58-39f8-af61-618162384df1,,,,,42,140
744a64ea-e53b-37d4-9cc9-2626f2ed6a09,,,,,63,71
7629fb2e-fe6d-3013-b368-9fa54cd40c03,,,,,280,2
df103de4-07ea-3113-8c6e-a192f09e12fe,,,,,150,20
fe1093c1-46f9-352b-8ac0-dfcf41c856a8,FY 2019-20,,,15000000,42,11
59e7e73b-56d9-38dd-b68e-3f5dd412744f,FY 2019-20,,,5,0,15
81c4ce77-295e-39dc-958c-7f1435a204bd,,,,,120,
d099db2b-a15a-319b-a9e9-6d314e6feb8f,,,,,10,125
6c6609a4-5205-36b8-9853-bb5f74528b5a,FY 2018-19,,,1810767,22,12
b9b45aa7-6fda-3e34-9f47-2fe397ebecd7,,,,,53,20
7ba26bf4-0094-325f-be06-aebe0c6dd6cc,,,,,8,50
13a78892-33a0-327d-94e0-ef5dea1e1895,FY 2018-19,,,25 lakhs,12,254
9a714882-4b5e-3746-aef6-26ea884b2a8c,FY 2018-19,,,300000,2,5
fe9e9214-301f-3264-a471-7215cd539e43,,,,,37,125
37567715-0798-3d3b-ba8f-2a965d39c3d9,,,,,20,8
864b80aa-6e65-307b-a1c3-6c952afc499a,,,,,4,32
d3d38d07-f98a-3ec5-9c91-e7f63004fcbe,,,,,23,1
ca4efa84-4098-3db2-abd4-310976339b76,,,,,14,26
ea8482ca-9785-3561-b639-6af3793ffec8,,,,,17,20
8c761f3a-fb6e-3dc0-b4d7-2ddccc5a2f23,,,,,78,31
6e32b1d4-38f9-3d5a-8bf2-34133f43416b,,,,,30,7
4085abb7-9e15-3f35-a7e7-ee7a1820f3a5,,,,,39,29
9b6c70cb-c985-3808-aefa-1c1bbb1d6dd4,,,,,61,8
edefedcd-e97a-374c-b9a9-346d658d7c69,,,,,12,7
aa2603f5-82a0-36a6-a4d3-b1496c092c32,,,,,1,7
312b5adc-1a6f-32f4-b8cd-452e0b86de25,,,,,13,3
090e5296-d0e4-3102-85f6-ba37a8565466,,,,,3,50
979e4a81-5c3f-3166-94c9-298576876ad7,,,,,708,0
7ebf30fa-6078-3a4a-ab9b-4eb9657b9ad5,FY 2018-19,,,,11,2
a97a349d-ba38-35f5-bbb0-829048513dac,FY 2017-18,,,2048044,11,
02ebe66a-81de-3a95-bbb2-00f5662b9222,,,,,31,0
6f54b089-9de8-3715-a3ef-669f304737bb,,,,,17,35
eb64252c-724a-3532-b8dd-06c06cdd4ce5,,,,,102,2
21795eda-e551-3c6b-86d4-84f50d59b0a7,,,,,40,10
4597cd18-7131-3074-9b78-cbc0ac9bea7b,,,,,100,30
722a7cab-3f0e-38d7-9069-fe04a945bdd6,,,,,9,25
76293662-0aca-3102-8606-73d1b5b0b141,,,,,20,32
05b86793-59e4-3608-95fb-a1bc5f8eacd7,,,,,35,25
99a5816f-9136-35f2-9c7d-42bef809b491,FY 2018-19,,,,31,1
0f7d306d-3510-3792-afe8-a505d1e4761b,FY 2019-20,,,,15,1
2d4eb1f3-4539-35d2-bc26-ae968afe7440,,,,,7,10
ea82a64b-0649-344d-b20c-579561f8d77f,FY 2018-19,,,,7,95
87b7b637-9952-3e32-8ac0-b6b16e1ee62a,,,,,32,45
76dd8727-2ba4-37eb-a095-33dd8802bd16,FY 2018-19,,,4187879,18,4
bc5b8a70-26de-3156-be7a-1363a3d6207e,,,,,60,4
11ebeb56-e6e1-3a35-9406-8a6b7aa98405,FY 2018-19,,,below 5 lakh,4,12
c34b52b6-8217-3a25-953f-aa930f03da28,,,,,28,5
0e1a1685-7160-3afb-abb0-f9b026221344,,,,,10,150
4f65ca94-0c2f-34ef-8c7a-75d613b6cf72,,,,,72,0
9a866191-310b-3d42-be88-509996271cc2,FY 2018-19,,,,10,500
1e0d8d13-88f8-3163-b5fe-b19fa209612a,,,,,7,4
dc60cbb5-64ec-3a1e-baf5-8a698c9ebd02,,,,,138,3
07caad4c-36f8-3be5-8409-0005269b59fa,,,,,16,10
134110a6-5b38-3648-a31f-0d17de115486,FY 2017-18,,,2600000,21,13
492882b6-602f-3a93-9b41-0cae6c204c4b,,,,,41,6
11dbcb7d-1abe-3ec0-b699-8b8e6feaa58a,FY 2017-18,,,8,4,12
08177d53-1bf2-3515-a716-f581c88ec7c4,,,,,9,15
dfdd9677-6d49-39ca-aff4-6a13b2a7e421,,,,,60,3
42c53424-d0b3-3f06-a6a6-cc2b8357567d,,,,,15,11
a3b22b39-66cd-3f9b-9c2f-e8f466a9fdec,,,,,2,15
65f1ee86-e979-334f-a00a-b54d2bd8cc7d,FY 2018-19,,,4507217.87,5,
e0a1e473-6d64-3117-a5c6-b92f771b3d2d,,,,,2,8
65cbbee6-6250-3ab3-8487-102d3bdaeb96,,,,,20,10
56d1bf86-854b-37a4-83a4-04619668206f,,,,,56,1
5fdfaceb-f7db-3cfb-989d-9dcbe5722d1e,,,,,231,49
688f74f7-3526-3f02-8ea1-1725b4d37b74,,,,,478,
07eefe44-8c36-37b0-a5d6-4e6c76ea0f06,FY 2017-18,,,3776029,35,22
b6b0104f-404c-3682-ac1e-92a385de3882,,,,,230,
ae706469-ae2e-315e-bb7b-c89a23d17f4f,,,,,30,147
2ccbf916-8237-3bf3-90b2-f139e77f487d,,,,,49,80
5aeac1e8-d0ff-3e66-82b4-109af27f85ca,,,,,145,3
c51e6837-3998-3a83-ae08-829cd6fa392a,,,,,6,2
2cb8cdc1-cf42-3b7d-b7f9-bad1bc124adb,,,,,75,10
95bba2dd-c723-350f-a80f-2086e358643d,FY 2019-20,,,,9,20
c35a2612-78a3-3376-ac0c-32f9fe5b58f1,FY 2019-20,,,10.28865,1,
017a1546-e48c-3892-9d7b-ff3f5953162d,,,,,575,10
bd9678b2-cded-3bd0-8fee-ba3db0cdf6ef,,,,,4,226
a3a9046f-f10b-320b-b27a-4f394a8c3778,FY 2018-19,,,180670360,250,5
f4e0f209-2f0a-336d-b400-5ec7aeff2bd4,,,,,15,24
b15e4148-9bde-35d6-a2df-6fc957f8fbe3,,,,,20,100
5df50373-7b43-3dcb-abc3-286f6a084866,,,,,14,6
9cafec48-1f64-3219-8cb2-a08afb51ed08,,,,,20,6
12bb429a-691e-3cfb-84fd-2338cab9ffd8,FY 2018-19,,,361000,3,8
05fe2b12-b204-3456-830f-277ea2f9305f,,,,,43,6
ac9f2a1c-f649-3549-bbcc-89f3ca6c3c30,,,,,16,8
f8931bf8-1e38-3074-8c1e-e624afd33934,FY 2019-20,,,3467049,42,5
821db6b1-e7a1-30a9-af35-bc1fc68600e1,,,,,18,2
a46a6dc3-4621-3054-9890-69c61a446de4,,,,,240,17
124ba602-da6b-337b-86ae-2b53eb7ae96b,FY 2018-19,,,,60,
bb258fd9-3717-3d58-9fb0-51267583dfd4,,,,,,20
b1d4968a-f80f-3b39-b6ae-efc481cb11e1,,,,,28,16
cb29d9d4-ebc3-342f-ae9c-90adcfe65d13,FY 2018-19,,,,12,3
1dda0f98-ddc8-30bf-97d9-a20b3a7ed030,,,,,21,27
64b61fec-0dac-38b0-b886-1badfca7e6a1,,,,,7,51
bda8d11c-81fd-3aca-bf00-1ec5c400a52a,FY 2018-19,,,2847876,6,0
8d69ce13-5d63-389a-9ff5-aa20f6709098,,,,,290,12
e2d01ce2-8a19-3e85-8767-bf9161bd0edb,,,,,200,4000
c367eb5e-b9a7-3f2b-8e4c-d23396b8a3f2,,,,,13,2
58bcdb2e-7ecf-36c3-ab37-cec6a74410ea,FY 2018-19,,,1354000,4,15
88bd031a-fddb-387d-803f-bf7d65d5dc66,,,,,13,0
66edd7be-ad0e-3beb-a42c-893b80945208,,,,,272,150
3dfa7b13-044a-3c38-bfd5-757013779873,FY 2016-17,,,,20,4
64f914e8-8a21-35c9-b884-3172f92e976b,,,,,7,25
e73efa93-0911-32ac-a7ab-dd2837ad6e26,,,,,103,42
9e14114f-f789-3af7-9da8-fdcbebb99f37,,,,,515,2
352ce231-2e35-3e4d-b89f-05ef71e17751,,,,,12,32
22306ee3-70ad-37eb-b409-35348aed8480,,,,,163,9
0e63474e-0e44-3080-980d-3f7916c3169a,,,,,20,3
775c1cf1-fadc-3beb-9b7b-5abb89cf1ef6,,,,,7,8
73ce4239-890d-3367-8cd0-8facf77ab6f3,,,,,12,6
c130a017-19e2-3fe4-907b-3726909e57e0,,,,,16,27
09dbcd8a-b581-33c5-905e-fdf7ac33015f,,,,,6,25
24326dcf-ee20-3d27-8bcc-53d6f589835f,,,,,18,23
74a84872-ad43-3051-99a0-aea1cffc80e2,,,,,16,3
3aaef0bd-3232-31e8-9f28-2fdfa614def3,,,,,1,10
cf333c94-5cc7-3da6-b569-35518bbca2eb,,,,,20,4
12ff46c0-5cfa-3dd1-bfa9-aa84b6df5e0d,FY 2018-19,,,,65,7
1c5da23d-aa4f-32b1-a7a7-b9ec6b9ddd16,,,,,610,500
c3982f66-551b-349d-bbf6-5669997c0bfa,,,,,3,0
8b409323-4e97-3fa0-9654-97d786905129,,,,,9,0
1cec4e19-ab1a-33b3-8c2e-c6b7ab37a984,FY 2018-19,,,37549665,105,
28b92748-a1cc-3afe-aef5-799ac8410839,,,,,32,
97c3d3e6-ab31-38c2-8d21-6019473673aa,,,,,300,10
7ec84a55-767e-37db-a217-634ccbe63806,,,,,30,0
0f68643d-e731-3cf1-a670-beae0ba047d4,,,,,17,3
a1aeafeb-e696-31d2-b46d-76a80be455b6,,,,,27,45
6645bec5-e944-34d9-9383-409f02a22648,,,,,10,50
582f99b6-3eaf-3866-b743-e92eea081a3e,,,,,45,0
5a38599d-f335-3d54-a08a-602ce7a8cb71,,,,,15,2
61521b03-b6a1-31c1-9fbf-10807c7b42c7,,,,,2,10
a38eb834-2dfb-3078-ae96-80c3e8c31f35,,,,,4,3
97c4aff7-615f-3257-8c0b-9ef5b63182ca,,,,,36,1
bae478d2-d7b8-371b-b6bd-33bf0a45ef63,,,,,128,12
9c4b3027-76b2-35a3-85dd-e0a5f2659b0f,,,,,31,15
5bce9db2-d374-36e7-a4c7-3a5ca5546553,,,,,32,41
b5ac533f-7643-3866-84d8-24dd0fb62090,,,,,24,9500
88216bd9-568d-3721-8ca3-722dfdac2753,,,,,1,2
830d4be5-a944-34f0-95ef-bc106fd5955e,,,,,57,
e850c6ca-0ed8-3410-a551-d03e9a84ba63,,,,,68,
d886b44b-3a92-3e9a-b0ac-0904e926c4ed,,,,,11,7
d836427e-86e5-36dd-b1c1-af564e595d42,,,,,94,0
33cc25da-a89f-35ef-be7d-5b8a9ea770dd,,,,,44,65
7261dfd0-dcb5-38c9-8041-0b425b2ce782,,,,,5,6
a38fa964-eb9f-314a-bf76-20c215767f4d,,,,,51,2
8ccd736c-340a-3d4d-9c12-86a27f633bcb,,,,,110,
6e1c80b7-05d4-3a90-bd65-8f629da61bf2,,,,,1200,
e29e7cc0-63c2-3c44-a70a-f31b86ad6587,,,,,30,70
94ed6003-9998-3e2a-b7f4-186406abe360,,,,,26,5
69d2add2-d02e-3ac3-a3ac-0f3ffc5c231f,,,,,6,54
62c9bf49-211e-3d89-9cc8-4e1af8ef64eb,,,,,31,100
7515daad-edf0-35bd-923c-26a6cb77cc18,,,,,6,8
dba1a318-6dae-3900-b400-84c0001efbfc,FY 2018-19,,,,21,1
5e7e9a49-9ddd-3a22-abaa-0413d4bcc1b9,FY 2017-18,,,51871292.35,70,37
c6f79144-b2ff-3199-b210-7c414684bd9b,,,,,129,874
2a6309b8-f2c4-3817-ae44-9a2766d797f8,,,,,0,7
4095f99f-0173-3675-a57a-45e3e818a74e,,,,,26,40
0c0158a1-e084-3b79-9d39-f1520c41c470,FY 2018-19,,,300000,22,13
4d429756-d4b6-33e8-b8d6-1d42303e6ecb,FY 2019-20,,,,29,3
2c2b67ac-c850-3f08-bd54-546204ac2ca7,FY 2017-18,,,"25,00,435/-",28,15
a59e1a3d-117d-3b64-a9ab-2eaa257e954f,,,,,15,4
f7656b54-24ab-3d34-b796-875ac4fccb9c,FY 2019-20,,,11.38977,5,5
4188f2b1-b445-3c18-bb65-d24d2a2f2ac7,,,,,13 Project staff,40
73f2ae54-6fad-31b3-b002-0ad3166e77cc,,,,,4,12
085e4280-7e3d-35dd-ad5b-d92ccd40e5fc,,,,,13,1
0189ba37-46b1-3b28-80ab-ead292468546,,,,,49,2
a3d5308c-818e-3c1e-98fe-ad39dd7a0ad5,,,,,22,600
36341a11-e131-3a93-98de-bf31e4ca31c0,,,,,2,160
6a315fc8-843e-3f25-9c89-28cebdf28fa4,,,,,2,40
db9dced4-d89d-3553-a19d-80c33530a8ec,,,,,125,5
22c00997-c30e-3f71-8191-139fb5c86f41,FY 2017-18,,,600000,20,50
efaa3990-612a-3bec-85b6-892e37a0be54,,,,,46,4
d2bc9976-dbe8-3c85-98bb-72e30398bb33,,,,,10,8
5440fe1a-7952-3d8b-ab8c-df000a8a4b75,,,,,27,
8e386a9d-b2b3-30b7-a282-ec1d3fd97013,,,,,13,6
d9507902-3157-38c1-9b9f-d678d98cd286,,,,,42,
9dd144e9-c919-32b7-8272-ef0df858122e,,,,,20,25
26ac936f-02c5-37d8-ada5-db4e9557d52f,,,,,20,
327e24d4-4595-34e6-9ca9-ffd32b87484a,,,,,4,37
e0dd572c-0930-33f0-80a2-0d12d0f8c10c,,,,,11,86
741c39bc-1a19-3b21-8c36-957bb9fafaa4,,,,,4,14
919188d0-4472-3777-96ac-d2fd1f166ee8,,,,,90,
4eb1bd84-bc21-3702-9db5-0335d8ff70dc,,,,,11,
d1f0e503-f5c5-30f6-853c-958bda594b8f,,,,,5,8
f4c2e09c-8b66-3e00-8d7c-3a31bfc6214d,,,,,25,8
cef3fb8b-74be-33d4-8ca2-fe0ed7485d3e,,,,,7,100
f271de0c-7ed4-331f-8c73-bd2b5dc8190a,FY 2017-18,,,585118.5,4,5
cfce4de7-5ec0-3fae-8961-66b69d66fa69,,,,,52,8
7d57bc30-480c-345d-aa6d-d9e678577668,,,,,12,0
83ddb9b6-fd91-3bda-9bc5-3895ec0e3710,,,,,17,5
718e16d7-07f5-3e83-afd1-fd046eeb399a,,,,,9,4
016e54ba-e990-3fc7-9c30-257b0a343fbf,,,,,50,4
7d0c21a2-076c-37c9-9b63-4d7b66bb055b,,,,,291,770
a793d668-a3cc-32f9-93ec-1c66b6168462,,,,,9,3
1a50c35b-fb2d-3261-9855-57a23c9fd3bc,FY 2017-18,,,1960.93,827,179
222ad0a9-2916-380b-8ce1-98a09274d4a6,FY 2017-18,,,1279.22,107,0
17f26538-9c26-3abb-b204-641a49d7282c,FY 2017-18,,,523.71,80,9
504e1c3c-bbad-31e6-b047-d7e1cde322a3,FY 2017-18,,,1098.62,173,0
376ac554-b27d-3af4-9634-3363d365296c,,,,,1559,0
5f5456e3-1fcd-3ea5-9635-08bbbeb2ba82,,,,,162,
e77a641d-936a-3789-b357-270332ee5451,FY 2017-18,,,195.61,54,2
95ac01c9-cb9e-32ba-8644-ebe6be12f758,,,,,75,2
cb7f16c5-c648-3562-a7a1-7099ee0b2df1,FY 2017-18,,,1810.34,256,20
6a68f69e-369c-3de9-83e6-4df21111c9d8,FY 2017-18,,,4285.12,607,5
30e26b4b-8f62-3266-9838-12a360c092f5,,,,,145,
ac020211-fe5f-3b13-95e3-c06e149a4c20,FY 2017-18,,,848.7,109,
678a4626-5508-30cd-be71-ab6ec48abe70,FY 2018-19,,,1344.03,542,0
fb2d2e13-972d-30ad-8206-b605072a1d21,FY 2017-18,,,220.75,34,0
de84f26c-2f7a-3fbb-8dc5-4ecca3174206,FY 2017-18,,,184.12,27,
6cbdd927-e921-3785-9eb3-8ade807d55d8,FY 2017-18,,,243.33,62,0
23522336-b588-3b4d-bee4-f1f9b48837cd,FY 2017-18,,,670.74,120,0
1c8f9fd8-698d-360d-b1af-8c17f055da03,FY 2017-18,,,301.32,55,
53b1102e-a4c2-3934-8ceb-21d6c33a337b,,,,,116,
ee4409a4-85a4-3dba-8df5-fd14baaecce4,FY 2017-18,,,438.07,66,6
aaf275cd-1b9a-3569-84f5-bc7672d1ada1,FY 2017-18,,,226.53,40,0
0f85278b-112c-3a63-ac94-1c5b25dc304d,FY 2017-18,,,121.24,33,4
5c8b9e91-201b-3932-b54a-28899297c54e,FY 2017-18,,,723.59,86,200
181441ee-a4b7-35e5-a52d-da6f09bfd2a9,FY 2017-18,,,383.63,21,20
36255a8d-2585-3f34-b4d0-375f3db6c527,FY 2017-18,,,2399.08,200,300
ebf93290-dcc4-362e-b0dd-aba29d5b3bce,FY 2017-18,,,1828.23,393,1480
2360ec52-6793-3b2e-a4d3-f47d357b37b1,FY 2017-18,,,5.55,1,0
1f0cd45c-fb87-3e39-91d4-fe396a882fae,FY 2017-18,,,1324.07,121,86
a96218ce-f84f-33b5-9fcf-3972620a6573,FY 2016-17,,,101.75,21,10
a215e07b-b932-31f4-ae2d-dad48d170f12,FY 2017-18,,,947.77,286,
304fd043-893a-38db-9d2b-d7505c806456,FY 2017-18,,,75.31,19,
0c7f0442-9d66-3942-9a7c-f1612e525930,,,,,651,0
22487abf-5dae-3e75-b78e-77269a8efd32,FY 2017-18,,,718.89,134,453
3aa014bb-b8d2-3f3c-b6bd-5835904dac75,FY 2017-18,,,203.79,59,13
d9f7be57-c0f5-32ff-80a5-3376d7bf5d9b,FY 2016-17,,,1440.68,1187,250
ebe7086c-baa2-330e-a820-1e9963e867ae,FY 2017-18,,,838.87,415,3
4dcfe4f5-0324-32bb-83be-09c8c7def3da,FY 2017-18,,,111.39,35,500
2eed8916-a0b2-350c-847e-57c6a6ecf7cd,,,,,31,1
e510580f-994b-3282-9ae3-ac4aa06e6600,,,,239.64,52,40
d0e08777-5f6f-387d-84d4-f53ec3114c26,FY 2017-18,,,78.05,7,416
4b6eda14-72ef-3df5-8ab0-5f98350883dd,FY 2017-18,,,187.52,23,0
4cf3bb23-9d0e-362f-90bf-40d794bef2e7,FY 2016-17,,,37.55,25,20
2ce25eea-0e87-3d45-97cb-b1dcf6a2eae0,FY 2017-18,,,1558.54,137,0
09efccfc-c3d2-33a1-b315-203a68da0e26,FY 2017-18,,,1389.17,120,
bd4edaf5-91ca-3d55-afc3-392a92f2d814,FY 2017-18,,,911.05,94,450
6cbc2680-5638-3661-a4c7-40410c6ff173,FY 2017-18,,,1240.78,110,80
193a2e7b-9125-3a24-a56c-6713a050637d,FY 2017-18,,,2967.37,1045,20
8a13aa9b-6dc2-3ac2-9d8d-295c11173bb2,FY 2018-19,,,57.74,13,1
db8b0898-262f-3332-b791-1d947be7ab49,FY 2017-18,,,489.41,60,0
b9495bf3-dbb8-3a74-9d26-f34839f4a211,FY 2017-18,,,71.06,20,50
31a16f5a-61d1-3578-b216-b472326537b0,FY 2017-18,,,489.85,63,30
38ab23f3-634f-33dc-a53f-715436d1b7b9,FY 2017-18,,,507.77,38,3
8ccfaa2a-94d3-338c-9959-cc8f3948c7fb,,,,70.9,15,150
6b099b69-6ca3-357c-a990-22fced692f6c,FY 2017-18,,,1280.14,101,20
8f265bcd-bb2a-32be-b3ac-46d827e82465,FY 2017-18,,,1448.77,450,4
eaa213b7-5410-3ad8-bc9e-de56f6f9c5dc,FY 2016-17,,,1200,82,
8fd59935-940a-3b0c-a728-7d73689ec1a3,FY 2017-18,,,280.4,25,0
2cfb1161-07be-338f-8392-7bb734d9ef07,FY 2017-18,,,2450,25,478
3383bc01-40ea-31b4-a6fd-bad486f6eac2,FY 2017-18,,,5250.35,1688,11987
89f2dee5-f598-3247-8c36-7b797ec1eb1e,FY 2017-18,,,955.41,84,
747f94b8-d188-3ebb-9312-bb028837d5cf,FY 2017-18,,,5098.83,162,
d01de19e-94ce-3bfa-bfcd-53e67c8bf9e6,FY 2017-18,,,5576.42,5132,24450
038001e9-8d15-3685-8724-8997f4807075,FY 2017-18,,,310.48,19,
f6471708-507c-3bc9-a9a1-d89ca85212d6,FY 2016-17,,,991.44,1140,33
28e467f4-8dcf-3770-9bef-21f693c30773,FY 2017-18,,,487.9,,
d8c48e7d-432e-3120-b882-aad2d5f358c6,FY 2016-17,,,174.57,16,
73a6aa37-751f-38c4-9b68-d2cf4d04714a,FY 2017-18,,,377.15952,51,0
15053c35-2ac3-3b38-a1eb-0d95e7fc33d8,,,,,216,38
8c74e14f-4a36-3975-9555-173c1f3341ab,FY 2017-18,,,26.39,50,1
d129c35e-4d84-3a0b-8ac0-bff1a44bf30a,,,,,44,10
9cae0a95-8fa9-3ebd-8cc7-a376e6dbffe0,FY 2017-18,,,23.58,13,3
7ddfc6e2-54c3-3e12-8cba-94ea0f3e8133,FY 2016-17,,,938.89,130,
480f03ad-393a-3e43-b07b-189f9542f8f3,,,,,761,0
76bfb710-7d12-37b8-8209-e023eaf26023,FY 2017-18,,,27.36,2,2
d0ee431e-0677-3c01-abb5-c847d08ce985,FY 2017-18,,,101.31,19,1
dfcfc614-190c-336f-997d-169bc8fca7a4,FY 2016-17,,,2824.07,,
4cb9e414-101d-385f-9868-bcf25f927eb2,FY 2017-18,,,512.87,160,40
560ce8df-ffe1-3c92-8328-9d25b16bf730,FY 2016-17,,,145.2,30,
9b2fc83c-ecb5-3ef7-a9c0-dc9ee3a77480,FY 2017-18,,,8333.25,1600,10000
99891fa9-cb27-34f7-8776-6d53c2fced8c,FY 2017-18,,,146.75,25,
a7f478a3-ccee-383b-985a-d405bff58e3b,FY 2017-18,,,5.85,2,50
fac1ab06-f27f-358c-94d4-991ba05987fc,FY 2016-17,,,818.38,189,
22c926fb-91e7-372a-8aa9-022b0ccbad4f,FY 2017-18,,,930.2,90,
db3c7471-50ab-31d3-b358-45314cd53286,FY 2016-17,,,866.25,,
2d9ae2c3-a285-332e-90a9-0442d367a110,FY 2017-18,,,219.29,39,1
6df75c96-8a33-3d64-a0a0-e2fcd62ab476,FY 2016-17,,,71.68,9,
faecba7e-d73e-315f-bd50-7ef28add13a8,FY 2017-18,,,275.92,91,34
a9ae8220-f5eb-3ba3-98c9-1b492dae1a70,,,,35.82,11,2
5b5a5ee2-adec-3207-91ab-b298a8a4760f,FY 2017-18,,,112.24,45,1
f4cec087-8025-39ee-92e8-f1614a44595a,FY 2016-17,,,3.7,11,
cbf43abd-1698-38b2-99fc-0e800a04cc93,FY 2017-18,,,436.37,150,0
096c31de-a752-3ca4-bdd9-178a7edf2ed3,FY 2016-17,,,293.77,93,10
325b447f-1dc9-3e01-ac28-7c4102ad71f5,FY 2016-17,,,695.02,65,0
47db1c8c-b5be-375b-8e72-be3b48fc2a6d,FY 2017-18,,,142.39,52,41
dd9f00c5-0acd-3524-b3cb-ca4c2ca6c346,FY 2016-17,,,36.48,,
60fc2302-a70f-399b-b39a-746b30c9dc94,FY 2017-18,,,34.68,13,0
b266fc9c-0729-32c7-bded-4ba6619f4515,FY 2017-18,,,683.83,43,0
83d80131-6ee2-3b52-a32c-bf5238637e3f,FY 2017-18,,,131.06,24,0
6d2bcd28-6cc2-3fc2-bb7e-0aa29f3f0be2,FY 2017-18,,,203.15,45,2
87a844f6-55f3-3048-8a8e-4b1b5f96d87f,FY 2016-17,,,865.88,200,
40a6fd32-4acc-306b-995b-94dc36dc7ed9,FY 2016-17,,,567,70,2
04b99579-0dcb-382e-9f65-29d17d5e7790,FY 2017-18,,,89.76,38,27
a71d1ff4-462a-3004-b6e6-23f133216599,FY 2017-18,,,892.17,67,2
fbcc30ac-4625-3838-b553-44019512ff98,,,,10.9372,7,0
7c993d0e-409d-3369-a331-80542a316de4,FY 2017-18,,,1260.26,949,100
3340bf32-ef62-3567-a7d5-ffcdef15c247,FY 2017-18,,,800.96,90,
76d91ee1-ea8c-3575-a835-c5d7de8f28f4,FY 2017-18,,,375.35,141,10
b4361942-fd1f-330a-a371-f43d28b5d33e,FY 2017-18,,,10.01,1,2
9348335e-63b0-3105-9f52-16a501d48b06,FY 2017-18,,,617.4,130,
62f9e350-d138-3055-bbc8-caf498c34e28,FY 2017-18,,,1653.05,117,0
f634aea0-a6d7-3c14-b357-ea0fad78814e,FY 2016-17,,,485.63,33,500
f74f98d6-e56c-34e7-bb9b-8118c2d99cdc,FY 2017-18,,,22.09,10,4
06a82482-f010-32c7-80e2-b7b864437bc5,FY 2016-17,,,298.67,88,7
d5a6b57b-7551-3d35-9aa8-1acd4a2cccbf,FY 2017-18,,,250.98,128,0
